id,last_name,first_name,country
1,Roy,Rhona,Liechtenstein
2,Mccall,Davis,Chile
3,Burns,Hedy,Djibouti
4,Carrillo,Jacob,Sudan
5,Garza,Jordan,Barbados
6,Keith,Leigh,Maldives
7,Robles,Steel,Nigeria
8,Noel,Ariana,Israel
9,Miles,Blythe,Yemen
10,Gentry,Irma,Hungary
11,Dalton,Hannah,Wallis and Futuna
12,Gaines,Gay,South Georgia and The South Sandwich Islands
13,Gates,Kathleen,Chad
14,Stephenson,William,Suriname
15,Griffith,Herrod,Somalia
16,Booth,Axel,Singapore
17,Bridges,Lawrence,Saint Barthélemy
18,Mclean,Ulla,Eritrea
19,Raymond,Armando,Chad
20,Glover,Yvonne,Canada
21,Hardin,Michael,Western Sahara
22,Jefferson,August,Rwanda
23,Marquez,Reed,Kyrgyzstan
24,Downs,Irene,Belize
25,Rivas,India,Germany
26,Stewart,Lev,Ethiopia
27,Booker,Naida,Mozambique
28,Bauer,Mariko,Suriname
29,Harrington,Quinlan,Svalbard and Jan Mayen Islands
30,Sanford,Clementine,Indonesia
31,Dunlap,Hollee,Anguilla
32,Haynes,Magee,Turkmenistan
33,Mcmahon,Vaughan,Cayman Islands
34,Bowman,Zeus,Saudi Arabia
35,Vega,Abel,Andorra
36,Blevins,Dylan,Anguilla
37,Golden,Aphrodite,Guam
38,Galloway,Ivan,American Samoa
39,Pittman,Miranda,Portugal
40,Vinson,Stacy,Heard Island and Mcdonald Islands
41,Sykes,Teagan,Saint Kitts and Nevis
42,Richard,Wyatt,Mali
43,Underwood,Clayton,Qatar
44,Randolph,Silas,"Bonaire, Sint Eustatius and Saba"
45,Emerson,Velma,Bahrain
46,Ferguson,Oscar,San Marino
47,Langley,Arden,Malaysia
48,Cole,Quyn,"Korea, North"
49,Hodge,Lee,Oman
50,Beach,Alfonso,Liechtenstein
51,Kirk,Kenyon,Zambia
52,Tran,Cruz,Angola
53,Huff,Declan,Åland Islands
54,Melton,Hayden,United States
55,Jordan,Bryar,Saudi Arabia
56,Juarez,Helen,Brunei
57,Patel,Lee,Guatemala
58,Garcia,Elizabeth,Slovenia
59,Rojas,Ryan,Macao
60,Wagner,Chelsea,Uganda
61,Moore,Yetta,Belize
62,Copeland,Madison,Svalbard and Jan Mayen Islands
63,Vasquez,Clare,Morocco
64,Moreno,Amber,Gambia
65,Hendricks,Tanya,Macedonia
66,Flores,Wesley,Kuwait
67,Beck,Tatiana,New Zealand
68,Manning,Herrod,Saint Kitts and Nevis
69,Ramsey,Garrison,Guam
70,Goodwin,Nevada,Slovakia
71,Acosta,Benedict,British Indian Ocean Territory
72,Clarke,Jamalia,French Southern Territories
73,Hickman,Tucker,Rwanda
74,Harvey,Tana,Malta
75,Vazquez,Wilma,Spain
76,Carter,Shana,Austria
77,Schneider,Shannon,Cameroon
78,Mays,Sylvia,Ireland
79,Gardner,Irene,American Samoa
80,Mosley,Dolan,Libya
81,Holman,Nasim,Armenia
82,Boyle,Savannah,Mauritius
83,Wyatt,Alvin,Canada
84,Oconnor,Aidan,Heard Island and Mcdonald Islands
85,Velazquez,Jin,Japan
86,Lane,Tate,Monaco
87,Flynn,McKenzie,Luxembourg
88,Vinson,Alvin,Turks and Caicos Islands
89,Atkins,Leilani,Uganda
90,Gutierrez,Emery,Morocco
91,Blackburn,Flavia,Lebanon
92,Andrews,Hall,Japan
93,Price,Baxter,Iceland
94,Frazier,Benjamin,Sierra Leone
95,Petty,Jael,Turkmenistan
96,Lang,Sean,Faroe Islands
97,Rogers,Cameron,Serbia
98,Leach,Casey,Gabon
99,Jenkins,Isaiah,Malaysia
100,Knapp,Ivory,Austriaid,last_name,first_name,country
1,Bond,Basia,El Salvador
2,Cobb,Jana,American Samoa
3,Schmidt,Pandora,Greece
4,Bender,Chastity,Falkland Islands
5,Jackson,Joshua,Micronesia
6,Hall,Omar,Trinidad and Tobago
7,Tyler,Silas,Dominica
8,Alexander,Sawyer,Montenegro
9,Todd,Hall,Austria
10,Leon,Gil,Croatia
11,Hull,Abdul,Åland Islands
12,Blackwell,Thane,Bahamas
13,Garza,Belle,China
14,Phelps,Emerson,Yemen
15,English,Herman,Palau
16,Randall,Branden,Canada
17,Jacobs,Madaline,Indonesia
18,Bolton,Cynthia,Rwanda
19,Rich,Laith,Japan
20,Delgado,Cedric,Nepal
21,Wagner,Justina,Cook Islands
22,Cohen,Lysandra,Saint Lucia
23,Rich,Nichole,Macedonia
24,Mccoy,Garrett,Germany
25,Graves,Lila,Togo
26,Barrett,Declan,"Virgin Islands, United States"
27,Hays,Kaseem,Senegal
28,Perez,Blair,Honduras
29,Hopkins,Ria,Azerbaijan
30,Jones,Quincy,Canada
31,Petersen,Britanni,Mauritania
32,Meyers,Hilda,Gibraltar
33,Byers,Stewart,Cameroon
34,Walter,Lev,Faroe Islands
35,Chang,Ray,Kiribati
36,Sutton,Edan,Andorra
37,Fulton,Dominic,Sweden
38,Valentine,Tucker,Peru
39,Jarvis,Britanni,Qatar
40,Jarvis,Zephr,Anguilla
41,Thornton,Guinevere,Greece
42,Hayden,Odysseus,Russian Federation
43,Mcconnell,Jocelyn,Lesotho
44,Rollins,Sydney,Comoros
45,Henry,Kato,Czech Republic
46,Mason,Cassady,"Virgin Islands, United States"
47,Callahan,Burke,Guam
48,Lee,Dorian,Kiribati
49,Pierce,Omar,Canada
50,Benton,Scott,Saint Lucia
51,Bruce,Heather,Oman
52,Boyer,Mark,Saint Pierre and Miquelon
53,Delaney,Neve,Tuvalu
54,Woodward,Eaton,Greece
55,Kemp,Blake,Namibia
56,Fleming,Katelyn,Bahamas
57,Salinas,Graham,Brazil
58,Landry,Ezra,Cameroon
59,Ingram,Ingrid,Finland
60,Owens,Prescott,United States Minor Outlying Islands
61,Downs,Hammett,Luxembourg
62,Hunt,Brent,Bahrain
63,Lyons,Nasim,Mexico
64,Barry,Illana,Togo
65,Crosby,Alan,Finland
66,Stevenson,Curran,China
67,Bates,Adam,Cook Islands
68,Hickman,Patricia,"Palestine, State of"
69,Duran,Mia,Dominica
70,Watts,Gillian,Kiribati
71,Figueroa,Eric,Gibraltar
72,Morrow,Phelan,Maldives
73,Berry,Chava,Cook Islands
74,Kinney,Briar,"Bonaire, Sint Eustatius and Saba"
75,Hall,Alexa,Morocco
76,Moody,Thor,Iran
77,Reed,Brennan,Lithuania
78,Dejesus,Aladdin,Lithuania
79,Peck,Duncan,Sao Tome and Principe
80,Navarro,Diana,China
81,Spears,Gisela,Sierra Leone
82,Rosa,Alma,Timor-Leste
83,Stevenson,Portia,Japan
84,Hodges,Joseph,Latvia
85,Cook,Adrian,Aruba
86,Hopper,Kaseem,Namibia
87,Vasquez,Byron,Niue
88,Woods,Grace,Hungary
89,Rhodes,Marah,Chad
90,Navarro,Wing,Cyprus
91,Hammond,Jade,Nepal
92,Sims,Jescie,Czech Republic
93,Guzman,Vielka,Montserrat
94,Ashley,Gary,Trinidad and Tobago
95,Preston,Quinlan,Isle of Man
96,Dickerson,Quail,Mali
97,Puckett,Curran,Portugal
98,Hooper,Daquan,Bolivia
99,Douglas,Elijah,Macao
100,Guy,Chelsea,Bosnia and Herzegovina